{"acc": 0.9326163055304526, "loss": 0.030053098641130774, "_timestamp": 1685588395.2696176, "_runtime": 0.6179654598236084, "_step": 7, "_wandb": {"runtime": 0}}